[
	{
		"title" : "Recreation Line",
		"name" : "recreation-line",
		"bcdc_data_resource_url" : "https://catalogue.data.gov.bc.ca/dataset/7fcb21f7-e51c-4342-a5e1-445a6c42128e",
		"description" : "This is a spatial layer showing Ministry of Forests Recreation Lines.  These are the linear spatial representation for features such as recreation trails",
		"purpose" : "To support the harvesting approval process, monitor forest tenures and support Integrated Land and Resource Registry applications.",
		"bcdc_type" : "Geographic",
		"last_modified" : "2024-07-17T09:45:03",
		"resource_storage_location" : "Bc Geographic Warehouse",
		"object_name" : "WHSE_FOREST_TENURE.FTEN_RECREATION_LINES_SVW",
		"object_short_name" : "FTN_REC_LN",
		"object_table_comments" : "The spatial representation of a recreation feature. This can be either a recreation reserve, recreation site, or an interpretative forest.",
		"projection_name" : "epsg3005",
		"license_title" : "Open Government Licence - British Columbia",
		"license_url" : "https://www2.gov.bc.ca/gov/content?id=A519A56BC2BF44E4A008B33FCF527F61",
		"details" : [
			{
				"data_precision" : 10,
				"column_comments" : "The unique identifier (called an SKEY) for the Recreation Map Feature.",
				"short_name" : "RMF_SKEY",
				"data_type" : "NUMBER",
				"column_name" : "RMF_SKEY"
			},
			{
				"data_precision" : 10,
				"column_comments" : "An identifier assigned to the recreation file, e.g., REC16098.",
				"short_name" : "FFID",
				"data_type" : "VARCHAR2",
				"column_name" : "FOREST_FILE_ID"
			},
			{
				"data_precision" : 30,
				"column_comments" : "An identifier assigned to a section of a recreation trail, e.g., 1, 10, A, B, EATON LAKE.",
				"short_name" : "SECTION_ID",
				"data_type" : "VARCHAR2",
				"column_name" : "SECTION_ID"
			},
			{
				"data_precision" : 3,
				"column_comments" : "Code that identifies the type of recreation feature, i.e., IF (interpretive forest trail), RTR (recreation trail).",
				"short_name" : "REC_MF_CD",
				"data_type" : "VARCHAR2",
				"column_name" : "RECREATION_MAP_FEATURE_CODE"
			},
			{
				"data_precision" : 120,
				"column_comments" : "Description of the type of recreation feature, i.e., Interpretative Forest, Recreation Trail.",
				"short_name" : "PROJECT_TP",
				"data_type" : "VARCHAR2",
				"column_name" : "PROJECT_TYPE"
			},
			{
				"data_precision" : 7,
				"column_comments" : "For a retired recreation feature, this is the date and time the recreation feature was retired.",
				"short_name" : "RETIRE_DT",
				"data_type" : "DATE",
				"column_name" : "RETIREMENT_DATE"
			},
			{
				"data_precision" : 10,
				"column_comments" : "The number of times a feature has been amended over its lifetime.",
				"short_name" : "AMEND_ID",
				"data_type" : "NUMBER",
				"column_name" : "AMENDMENT_ID"
			},
			{
				"data_precision" : 21,
				"column_comments" : "The default label often used when displaying the feature on a map, and consists of the FOREST FILE ID and SECTION ID separated by a space, e.g., REC4531 15, REC3069 EATON LAKE.",
				"short_name" : "MAP_LABEL",
				"data_type" : "VARCHAR2",
				"column_name" : "MAP_LABEL"
			},
			{
				"data_precision" : 100,
				"column_comments" : "The name of the area or trail network, usually a geographic name, e.g., OKEOVER TRAILS.",
				"short_name" : "PROJECT_NM",
				"data_type" : "VARCHAR2",
				"column_name" : "PROJECT_NAME"
			},
			{
				"data_precision" : 3,
				"column_comments" : "Code describing the type of natural or man made recreation feature, e.g., H3 (Historic Route).",
				"short_name" : "REC_FT_CD",
				"data_type" : "VARCHAR2",
				"column_name" : "RECREATION_FEATURE_CODE"
			},
			{
				"data_precision" : 1,
				"column_comments" : "Indicates whether this is a resource feature established under the Government Action Regulation.",
				"short_name" : "RES_FT_IND",
				"data_type" : "VARCHAR2",
				"column_name" : "RESOURCE_FEATURE_IND"
			},
			{
				"data_precision" : 7,
				"column_comments" : "The entire width of the Right of Way for the linear feature. ",
				"short_name" : "RT_OF_WAY",
				"data_type" : "NUMBER",
				"column_name" : "RIGHT_OF_WAY"
			},
			{
				"data_precision" : 1,
				"column_comments" : "Indicates if an archaeological impact assessment has been performed for the given project.",
				"short_name" : "ARCH_IND",
				"data_type" : "VARCHAR2",
				"column_name" : "ARCH_IMPACT_ASSESS_IND"
			},
			{
				"data_precision" : 500,
				"column_comments" : "The closest town or city to the recreation feature, e.g. KELOWNA, BELLA COOLA.",
				"short_name" : "SITE_LOC",
				"data_type" : "VARCHAR2",
				"column_name" : "SITE_LOCATION"
			},
			{
				"data_precision" : 7,
				"column_comments" : "This is the date on which the recreation project was legally established.",
				"short_name" : "PROJ_DATE",
				"data_type" : "DATE",
				"column_name" : "PROJECT_ESTABLISHED_DATE"
			},
			{
				"data_precision" : 1,
				"column_comments" : null,
				"short_name" : "REC_VW_IND",
				"data_type" : "VARCHAR2",
				"column_name" : "RECREATION_VIEW_IND"
			},
			{
				"data_precision" : 200,
				"column_comments" : "A comma-separated list of codes relating to the recreation districts that the recreation feature is within, e.g., RDCO,RDKB,RDOS.",
				"short_name" : "RECDIST_CD",
				"data_type" : "VARCHAR2",
				"column_name" : "RECREATION_DISTRICT_CODE"
			},
			{
				"data_precision" : 5,
				"column_comments" : "The total number of campsites.",
				"short_name" : "DEF_CAMPS",
				"data_type" : "NUMBER",
				"column_name" : "DEFINED_CAMPSITES"
			},
			{
				"data_precision" : 7,
				"column_comments" : "The life cycle state of the feature, e.g., PENDING, ACTIVE, RETIRED.",
				"short_name" : "LIFE_ST_CD",
				"data_type" : "VARCHAR2",
				"column_name" : "LIFE_CYCLE_STATUS_CODE"
			},
			{
				"data_precision" : 3,
				"column_comments" : "The current status of the recreation tenure, eg. AR (archived), HI (issued), PI (pending issuance).",
				"short_name" : "FILE_ST_CD",
				"data_type" : "VARCHAR2",
				"column_name" : "FILE_STATUS_CODE"
			},
			{
				"data_precision" : 6,
				"column_comments" : "The code of the natural resource district associated with this feature.",
				"short_name" : "DIST_CD",
				"data_type" : "VARCHAR2",
				"column_name" : "DISTRICT_CODE"
			},
			{
				"data_precision" : 6,
				"column_comments" : "The name of the natural resource district associated with this feature.",
				"short_name" : "DIST_NM",
				"data_type" : "VARCHAR2",
				"column_name" : "DISTRICT_NAME"
			},
			{
				"data_precision" : 10,
				"column_comments" : "Unique identifier for the spatial feature class.",
				"short_name" : "FEAT_CLASS",
				"data_type" : "NUMBER",
				"column_name" : "FEATURE_CLASS_SKEY"
			},
			{
				"data_precision" : 11,
				"column_comments" : "Spatial perimeter length in metres. This value is calculated in the source system.",
				"short_name" : "FEAT_LNGTH",
				"data_type" : "NUMBER",
				"column_name" : "FEATURE_LENGTH"
			},
			{
				"data_precision" : 19,
				"column_comments" : "The system calculated length or perimeter of a geometry in meters.",
				"short_name" : "FEAT_LEN",
				"data_type" : "NUMBER",
				"column_name" : "FEATURE_LENGTH_M"
			},
			{
				"data_precision" : 64,
				"column_comments" : "The column used to reference the spatial coordinates defining the feature.",
				"short_name" : "GEOMETRY",
				"data_type" : "SDO_GEOMETRY",
				"column_name" : "GEOMETRY"
			},
			{
				"data_precision" : 38,
				"column_comments" : "A column required by spatial layers that interact with ESRI ArcSDE. It is populated with unique values automatically by SDE.",
				"short_name" : "OBJECTID",
				"data_type" : "NUMBER",
				"column_name" : "OBJECTID"
			},
			{
				"data_precision" : 4000,
				"column_comments" : "A binary column used by spatial tools to store annotation, curve features and CAD data when using the SDO_GEOMETRY storage data type.",
				"short_name" : null,
				"data_type" : "BLOB",
				"column_name" : "SE_ANNO_CAD_DATA"
			}
		]
	}
]