[
	{
		"title" : "Recreation Polygons",
		"name" : "recreation-polygons",
		"bcdc_data_resource_url" : "https://catalogue.data.gov.bc.ca/dataset/263338a7-93ee-49c1-83e8-13f0bde70833",
		"description" : "The spatial representation of a recreation feature. This can be either a recreation reserve, recreation site, or an interpretative forest",
		"purpose" : "To support the harvesting approval process, monitor forest tenures and support Integrated Land and Resource Registry applications.",
		"bcdc_type" : "Geographic",
		"last_modified" : "2024-06-08T09:45:06",
		"resource_storage_location" : "Bc Geographic Warehouse",
		"object_name" : "WHSE_FOREST_TENURE.FTEN_RECREATION_POLY_SVW",
		"object_short_name" : "FTN_REC_PL",
		"object_table_comments" : "The spatial representation of a recreation feature. This can be either a recreation reserve, recreation site, or an interpretative forest.",
		"projection_name" : "epsg3005",
		"license_title" : "Open Government Licence - British Columbia",
		"license_url" : "https://www2.gov.bc.ca/gov/content?id=A519A56BC2BF44E4A008B33FCF527F61",
		"details" : [
			{
				"short_name" : "RMF_SKEY",
				"data_type" : "NUMBER",
				"column_name" : "RMF_SKEY",
				"data_precision" : "10",
				"column_comments" : "The unique identifier (called an SKEY) for the Recreation Map Feature."
			},
			{
				"column_name" : "FOREST_FILE_ID",
				"short_name" : "FFID",
				"data_type" : "VARCHAR2",
				"column_comments" : "An identifier assigned to the recreation file, e.g., REC230971.",
				"data_precision" : "10"
			},
			{
				"data_type" : "VARCHAR2",
				"column_name" : "SECTION_ID",
				"short_name" : "SECTION_ID",
				"data_precision" : "10",
				"column_comments" : "An identifier assigned to a section of a recreation feature, and is not used for polygon features."
			},
			{
				"data_type" : "VARCHAR2",
				"column_name" : "RECREATION_MAP_FEATURE_CODE",
				"column_comments" : "Code that identifies the type of recreation feature, i.e., IF (interpretive forest), RR (recreation reserve), SIT (recreation site).",
				"data_precision" : "3",
				"short_name" : "REC_MF_CD"
			},
			{
				"column_name" : "PROJECT_TYPE",
				"column_comments" : "Description of the type of recreation feature, i.e., Interpretative Forest, Recreation Reserve.",
				"data_type" : "VARCHAR2",
				"data_precision" : "120",
				"short_name" : "PROJECT_TP"
			},
			{
				"column_name" : "RETIREMENT_DATE",
				"short_name" : "RETIRE_DT",
				"data_type" : "DATE",
				"data_precision" : "7",
				"column_comments" : "For a retired recreation feature, this is the date and time the recreation feature was retired."
			},
			{
				"data_precision" : "10",
				"data_type" : "NUMBER",
				"column_name" : "AMENDMENT_ID",
				"short_name" : "AMEND_ID",
				"column_comments" : "The number of times a feature has been amended over its lifetime."
			},
			{
				"short_name" : "MAP_LABEL",
				"column_name" : "MAP_LABEL",
				"data_type" : "VARCHAR2",
				"column_comments" : "The default label often used when displaying the feature on a map, and consists only of the FOREST FILE ID, e.g., REC230971.",
				"data_precision" : "21"
			},
			{
				"data_type" : "VARCHAR2",
				"short_name" : "PROJECT_NM",
				"column_name" : "PROJECT_NAME",
				"data_precision" : "100",
				"column_comments" : "The name of the recreation project, e.g., KASLO INTERPRETIVE FOREST."
			},
			{
				"data_precision" : "3",
				"data_type" : "VARCHAR2",
				"column_name" : "RECREATION_FEATURE_CODE",
				"short_name" : "REC_FT_CD",
				"column_comments" : "Code describing the type of natural or man made recreation feature, e.g., E5 (mixed forest), F1 (site specific waterfall), H3 (historic site), W4 (marine mammals)."
			},
			{
				"short_name" : "RES_FT_IND",
				"data_type" : "VARCHAR2",
				"column_name" : "RESOURCE_FEATURE_IND",
				"column_comments" : "Indicates whether this is a resource feature established under the Government Action Regulation.",
				"data_precision" : "1"
			},
			{
				"data_type" : "VARCHAR2",
				"column_name" : "ARCH_IMPACT_ASSESS_IND",
				"data_precision" : "1",
				"column_comments" : "Indicates if an archaeological impact assessment has been performed for the given project.",
				"short_name" : "ARCH_IND"
			},
			{
				"column_name" : "SITE_LOCATION",
				"column_comments" : "The closest town or city to the recreation feature, e.g. KELOWNA, BELLA COOLA.",
				"short_name" : "SITE_LOC",
				"data_precision" : "500",
				"data_type" : "VARCHAR2"
			},
			{
				"data_type" : "DATE",
				"short_name" : "PROJ_DATE",
				"column_comments" : "This is the date on which the recreation project was legally established.",
				"column_name" : "PROJECT_ESTABLISHED_DATE",
				"data_precision" : "7"
			},
			{
				"data_type" : "VARCHAR2",
				"column_comments" : "Indicates whether the site is displayed to the public on the Recreation Sites and Trails BC web site, i.e., Y, N.",
				"short_name" : "REC_VW_IND",
				"column_name" : "RECREATION_VIEW_IND",
				"data_precision" : "1"
			},
			{
				"column_name" : "RECREATION_DISTRICT_CODE",
				"data_type" : "VARCHAR2",
				"column_comments" : "A comma-separated list of codes relating to the recreation districts that the recreation feature is within, e.g., RDCC,RDCS,RDMH,RDVA.",
				"data_precision" : "200",
				"short_name" : "RECDIST_CD"
			},
			{
				"column_comments" : "The total number of campsites.",
				"data_precision" : "5",
				"short_name" : "DEF_CAMPS",
				"column_name" : "DEFINED_CAMPSITES",
				"data_type" : "NUMBER"
			},
			{
				"column_comments" : "The life cycle state of the feature, e.g., PENDING, ACTIVE, RETIRED.",
				"data_type" : "VARCHAR2",
				"data_precision" : "7",
				"column_name" : "LIFE_CYCLE_STATUS_CODE",
				"short_name" : "LIFE_ST_CD"
			},
			{
				"data_type" : "VARCHAR2",
				"column_name" : "FILE_STATUS_CODE",
				"column_comments" : "The current status of the recreation tenure, eg. AR (archived), HI (issued), PI (pending issuance).",
				"data_precision" : "3",
				"short_name" : "FILE_ST_CD"
			},
			{
				"column_name" : "GEOGRAPHIC_DISTRICT_CODE",
				"data_precision" : "6",
				"short_name" : "GEO_DST_CD",
				"column_comments" : "The code of the natural resource district associated with this feature.",
				"data_type" : "VARCHAR2"
			},
			{
				"column_name" : "GEOGRAPHIC_DISTRICT_NAME",
				"column_comments" : "The name of the natural resource district associated with this feature.",
				"data_type" : "VARCHAR2",
				"short_name" : "GEO_DST_NM",
				"data_precision" : "100"
			},
			{
				"data_type" : "NUMBER",
				"column_comments" : "Unique identifier for the spatial feature class.",
				"data_precision" : "10",
				"column_name" : "FEATURE_CLASS_SKEY",
				"short_name" : "FEAT_CLASS"
			},
			{
				"data_type" : "NUMBER",
				"column_name" : "FEATURE_AREA",
				"column_comments" : "Spatial feature area in square metres. This value is calculated in the source system.",
				"data_precision" : "11",
				"short_name" : "FEAT_AREA"
			},
			{
				"data_type" : "NUMBER",
				"column_comments" : "Spatial perimeter length in metres. This value is calculated in the source system.",
				"data_precision" : "11",
				"short_name" : "FEAT_PERIM",
				"column_name" : "FEATURE_PERIMETER"
			},
			{
				"data_type" : "VARCHAR2",
				"column_name" : "FEATURE_AREA_SQM",
				"data_precision" : "19",
				"short_name" : "AREA_SQM",
				"column_comments" : "The system calculated area of a two-dimensional polygon in square meters."
			},
			{
				"data_type" : "NUMBER",
				"column_name" : "FEATURE_LENGTH_M",
				"column_comments" : "The system calculated length or perimeter of a geometry in meters.",
				"short_name" : "FEAT_LEN",
				"data_precision" : "19"
			},
			{
				"short_name" : "GEOMETRY",
				"column_comments" : "The column used to reference the spatial coordinates defining the feature.",
				"data_type" : "SDO_GEOMETRY",
				"data_precision" : "64",
				"column_name" : "GEOMETRY"
			},
			{
				"column_name" : "OBJECTID",
				"data_type" : "NUMBER",
				"data_precision" : "38",
				"short_name" : "OBJECTID",
				"column_comments" : "A column required by spatial layers that interact with ESRI ArcSDE. It is populated with unique values automatically by SDE."
			},
			{
				"data_type" : "BLOB",
				"data_precision" : "4000",
				"column_comments" : "A binary column used by spatial tools to store annotation, curve features and CAD data when using the SDO_GEOMETRY storage data type.",
				"column_name" : "SE_ANNO_CAD_DATA"
			}
		]
	}
]